Workbook

Sheet Sheet2
A2: 1 | B2: =IF(COUNTA([1]表框架!B2)=0,"",_xlfn.TEXTJOIN(CHAR(10),FALSE,[1]表框架!B2,VLOOKUP([1]表框架!B2,'[1]PIN list'!$B:$E,2))) | C2: =IF(COUNTA([1]表框架!C2)=0,"",_xlfn.TEXTJOIN(CHAR(10),FALSE,[1]表框架!C2,VLOOKUP([1]表框架!C2,'[1]PIN list'!$B:$E,2))) -> 528 D_GND | D2: =IF(COUNTA([1]表框架!D2)=0,"",_xlfn.TEXTJOIN(CHAR(10),FALSE,[1]表框架!D2,VLOOKUP([1]表框架!D2,'[1]PIN list'!$B:$E,2))) -> 526 D_GND | E2: =IF(COUNTA([1]表框架!E2)=0,"",_xlfn.TEXTJOIN(CHAR(10),FALSE,[1]表框架!E2,VLOOKUP([1]表框架!E2,'[1]PIN list'!$B:$E,2))) -> 525 VBAT | F2: =IF(COUNTA([1]表框架!F2)=0,"",_xlfn.TEXTJOIN(CHAR(10),FALSE,[1]表框架!F2,VLOOKUP([1]表框架!F2,'[1]PIN list'!$B:$E,2))) -> 519 VBAT | G2: =IF(COUNTA([1]表框架!G2)=0,"",_xlfn.TEXTJOIN(CHAR(10),FALSE,[1]表框架!G2,VLOOKUP([1]表框架!G2,'[1]PIN list'!$B:$E,2))) -> 518 VBAT | H2: =IF(COUNTA([1]表框架!H2)=0,"",_xlfn.TEXTJOIN(CHAR(10),FALSE,[1]表框架!H2,VLOOKUP([1]表框架!H2,'[1]PIN list'!$B:$E,2))) -> 508 VBAT | I2: =IF(COUNTA([1]表框架!I2)=0,"",_xlfn.TEXTJOIN(CHAR(10),FALSE,[1]表框架!I2,VLOOKUP([1]表框架!I2,'[1]PIN list'!$B:$E,2))) -> 507 D_GND | ... AD2: =IF(COUNTA([1]表框架!AD2)=0,"",_xlfn.TEXTJOIN(CHAR(10),FALSE,[1]表框架!AD2,VLOOKUP([1]表框架!AD2,'[1]PIN list'!$B:$E,2)))
A3: 2 | B3: =IF(COUNTA([1]表框架!B3)=0,"",_xlfn.TEXTJOIN(CHAR(10),FALSE,[1]表框架!B3,VLOOKUP([1]表框架!B3,'[1]PIN list'!$B:$E,2))) -> 1 D_GND | C3: =IF(COUNTA([1]表框架!C3)=0,"",_xlfn.TEXTJOIN(CHAR(10),FALSE,[1]表框架!C3,VLOOKUP([1]表框架!C3,'[1]PIN list'!$B:$E,2))) | D3: =IF(COUNTA([1]表框架!D3)=0,"",_xlfn.TEXTJOIN(CHAR(10),FALSE,[1]表框架!D3,VLOOKUP([1]表框架!D3,'[1]PIN list'!$B:$E,2))) -> 527 D_GND | E3: =IF(COUNTA([1]表框架!E3)=0,"",_xlfn.TEXTJOIN(CHAR(10),FALSE,[1]表框架!E3,VLOOKUP([1]表框架!E3,'[1]PIN list'!$B:$E,2))) -> 524 VBAT | F3: =IF(COUNTA([1]表框架!F3)=0,"",_xlfn.TEXTJOIN(CHAR(10),FALSE,[1]表框架!F3,VLOOKUP([1]表框架!F3,'[1]PIN list'!$B:$E,2))) -> 520 VBAT | G3: =IF(COUNTA([1]表框架!G3)=0,"",_xlfn.TEXTJOIN(CHAR(10),FALSE,[1]表框架!G3,VLOOKUP([1]表框架!G3,'[1]PIN list'!$B:$E,2))) -> 517 VBAT | H3: =IF(COUNTA([1]表框架!H3)=0,"",_xlfn.TEXTJOIN(CHAR(10),FALSE,[1]表框架!H3,VLOOKUP([1]表框架!H3,'[1]PIN list'!$B:$E,2))) -> 509 VBAT | I3: =IF(COUNTA([1]表框架!I3)=0,"",_xlfn.TEXTJOIN(CHAR(10),FALSE,[1]表框架!I3,VLOOKUP([1]表框架!I3,'[1]PIN list'!$B:$E,2))) -> 506 D_GND | ... AD3: =IF(COUNTA([1]表框架!AD3)=0,"",_xlfn.TEXTJOIN(CHAR(10),FALSE,[1]表框架!AD3,VLOOKUP([1]表框架!AD3,'[1]PIN list'!$B:$E,2))) -> 396 D_GND
A4: 3 | B4: =IF(COUNTA([1]表框架!B4)=0,"",_xlfn.TEXTJOIN(CHAR(10),FALSE,[1]表框架!B4,VLOOKUP([1]表框架!B4,'[1]PIN list'!$B:$E,2))) -> 2 CSI2B_RDN1 | C4: =IF(COUNTA([1]表框架!C4)=0,"",_xlfn.TEXTJOIN(CHAR(10),FALSE,[1]表框架!C4,VLOOKUP([1]表框架!C4,'[1]PIN list'!$B:$E,2))) -> 3 CSI2B_RDP1 | D4: =IF(COUNTA([1]表框架!D4)=0,"",_xlfn.TEXTJOIN(CHAR(10),FALSE,[1]表框架!D4,VLOOKUP([1]表框架!D4,'[1]PIN list'!$B:$E,2))) | E4: =IF(COUNTA([1]表框架!E4)=0,"",_xlfn.TEXTJOIN(CHAR(10),FALSE,[1]表框架!E4,VLOOKUP([1]表框架!E4,'[1]PIN list'!$B:$E,2))) -> 523 D_GND | F4: =IF(COUNTA([1]表框架!F4)=0,"",_xlfn.TEXTJOIN(CHAR(10),FALSE,[1]表框架!F4,VLOOKUP([1]表框架!F4,'[1]PIN list'!$B:$E,2))) -> 521 VBAT | G4: =IF(COUNTA([1]表框架!G4)=0,"",_xlfn.TEXTJOIN(CHAR(10),FALSE,[1]表框架!G4,VLOOKUP([1]表框架!G4,'[1]PIN list'!$B:$E,2))) -> 516 VBAT | H4: =IF(COUNTA([1]表框架!H4)=0,"",_xlfn.TEXTJOIN(CHAR(10),FALSE,[1]表框架!H4,VLOOKUP([1]表框架!H4,'[1]PIN list'!$B:$E,2))) -> 510 D_GND | I4: =IF(COUNTA([1]表框架!I4)=0,"",_xlfn.TEXTJOIN(CHAR(10),FALSE,[1]表框架!I4,VLOOKUP([1]表框架!I4,'[1]PIN list'!$B:$E,2))) -> 505 VBUS | ... AD4: =IF(COUNTA([1]表框架!AD4)=0,"",_xlfn.TEXTJOIN(CHAR(10),FALSE,[1]表框架!AD4,VLOOKUP([1]表框架!AD4,'[1]PIN list'!$B:$E,2))) -> 394 NC | AF4: 备注： | AG4: CSI
A5: 4 | B5: =IF(COUNTA([1]表框架!B5)=0,"",_xlfn.TEXTJOIN(CHAR(10),FALSE,[1]表框架!B5,VLOOKUP([1]表框架!B5,'[1]PIN list'!$B:$E,2))) -> 6 CSI2A_RCN | C5: =IF(COUNTA([1]表框架!C5)=0,"",_xlfn.TEXTJOIN(CHAR(10),FALSE,[1]表框架!C5,VLOOKUP([1]表框架!C5,'[1]PIN list'!$B:$E,2))) -> 5 CSI2A_RCP | D5: =IF(COUNTA([1]表框架!D5)=0,"",_xlfn.TEXTJOIN(CHAR(10),FALSE,[1]表框架!D5,VLOOKUP([1]表框架!D5,'[1]PIN list'!$B:$E,2))) -> 4 D_GND | E5: =IF(COUNTA([1]表框架!E5)=0,"",_xlfn.TEXTJOIN(CHAR(10),FALSE,[1]表框架!E5,VLOOKUP([1]表框架!E5,'[1]PIN list'!$B:$E,2))) | F5: =IF(COUNTA([1]表框架!F5)=0,"",_xlfn.TEXTJOIN(CHAR(10),FALSE,[1]表框架!F5,VLOOKUP([1]表框架!F5,'[1]PIN list'!$B:$E,2))) -> 522 D_GND | G5: =IF(COUNTA([1]表框架!G5)=0,"",_xlfn.TEXTJOIN(CHAR(10),FALSE,[1]表框架!G5,VLOOKUP([1]表框架!G5,'[1]PIN list'!$B:$E,2))) -> 515 D_GND | H5: =IF(COUNTA([1]表框架!H5)=0,"",_xlfn.TEXTJOIN(CHAR(10),FALSE,[1]表框架!H5,VLOOKUP([1]表框架!H5,'[1]PIN list'!$B:$E,2))) -> 511 D_GND | I5: =IF(COUNTA([1]表框架!I5)=0,"",_xlfn.TEXTJOIN(CHAR(10),FALSE,[1]表框架!I5,VLOOKUP([1]表框架!I5,'[1]PIN list'!$B:$E,2))) -> 504 VMCH_PMU | ... AD5: =IF(COUNTA([1]表框架!AD5)=0,"",_xlfn.TEXTJOIN(CHAR(10),FALSE,[1]表框架!AD5,VLOOKUP([1]表框架!AD5,'[1]PIN list'!$B:$E,2))) -> 393 NC | AG5: DSI
A6: 5 | B6: =IF(COUNTA([1]表框架!B6)=0,"",_xlfn.TEXTJOIN(CHAR(10),FALSE,[1]表框架!B6,VLOOKUP([1]表框架!B6,'[1]PIN list'!$B:$E,2))) -> 7 CSI2A_RDN2 | C6: =IF(COUNTA([1]表框架!C6)=0,"",_xlfn.TEXTJOIN(CHAR(10),FALSE,[1]表框架!C6,VLOOKUP([1]表框架!C6,'[1]PIN list'!$B:$E,2))) -> 8 CSI2A_RDP2 | D6: =IF(COUNTA([1]表框架!D6)=0,"",_xlfn.TEXTJOIN(CHAR(10),FALSE,[1]表框架!D6,VLOOKUP([1]表框架!D6,'[1]PIN list'!$B:$E,2))) -> 9 D_GND | E6: =IF(COUNTA([1]表框架!E6)=0,"",_xlfn.TEXTJOIN(CHAR(10),FALSE,[1]表框架!E6,VLOOKUP([1]表框架!E6,'[1]PIN list'!$B:$E,2))) -> 10 D_GND | F6: =IF(COUNTA([1]表框架!F6)=0,"",_xlfn.TEXTJOIN(CHAR(10),FALSE,[1]表框架!F6,VLOOKUP([1]表框架!F6,'[1]PIN list'!$B:$E,2))) | G6: =IF(COUNTA([1]表框架!G6)=0,"",_xlfn.TEXTJOIN(CHAR(10),FALSE,[1]表框架!G6,VLOOKUP([1]表框架!G6,'[1]PIN list'!$B:$E,2))) -> 514 D_GND | H6: =IF(COUNTA([1]表框架!H6)=0,"",_xlfn.TEXTJOIN(CHAR(10),FALSE,[1]表框架!H6,VLOOKUP([1]表框架!H6,'[1]PIN list'!$B:$E,2))) -> 512 PWRKEY_SW | I6: =IF(COUNTA([1]表框架!I6)=0,"",_xlfn.TEXTJOIN(CHAR(10),FALSE,[1]表框架!I6,VLOOKUP([1]表框架!I6,'[1]PIN list'!$B:$E,2))) -> 503 VIO28_PMU | ... AD6: =IF(COUNTA([1]表框架!AD6)=0,"",_xlfn.TEXTJOIN(CHAR(10),FALSE,[1]表框架!AD6,VLOOKUP([1]表框架!AD6,'[1]PIN list'!$B:$E,2))) -> 387 NC | AG6: D_GND
A7: 6 | B7: =IF(COUNTA([1]表框架!B7)=0,"",_xlfn.TEXTJOIN(CHAR(10),FALSE,[1]表框架!B7,VLOOKUP([1]表框架!B7,'[1]PIN list'!$B:$E,2))) -> 15 CSI2A_RDN0 | D7: =IF(COUNTA([1]表框架!D7)=0,"",_xlfn.TEXTJOIN(CHAR(10),FALSE,[1]表框架!D7,VLOOKUP([1]表框架!D7,'[1]PIN list'!$B:$E,2))) -> 13 VIO18_PMU | E7: =IF(COUNTA([1]表框架!E7)=0,"",_xlfn.TEXTJOIN(CHAR(10),FALSE,[1]表框架!E7,VLOOKUP([1]表框架!E7,'[1]PIN list'!$B:$E,2))) -> 12 D_GND | F7: =IF(COUNTA([1]表框架!F7)=0,"",_xlfn.TEXTJOIN(CHAR(10),FALSE,[1]表框架!F7,VLOOKUP([1]表框架!F7,'[1]PIN list'!$B:$E,2))) -> 11 D_GND | G7: =IF(COUNTA([1]表框架!G7)=0,"",_xlfn.TEXTJOIN(CHAR(10),FALSE,[1]表框架!G7,VLOOKUP([1]表框架!G7,'[1]PIN list'!$B:$E,2))) | H7: =IF(COUNTA([1]表框架!H7)=0,"",_xlfn.TEXTJOIN(CHAR(10),FALSE,[1]表框架!H7,VLOOKUP([1]表框架!H7,'[1]PIN list'!$B:$E,2))) -> 513 D_GND | I7: =IF(COUNTA([1]表框架!I7)=0,"",_xlfn.TEXTJOIN(CHAR(10),FALSE,[1]表框架!I7,VLOOKUP([1]表框架!I7,'[1]PIN list'!$B:$E,2))) -> 502 VTP_PMU | J7: =IF(COUNTA([1]表框架!J7)=0,"",_xlfn.TEXTJOIN(CHAR(10),FALSE,[1]表框架!J7,VLOOKUP([1]表框架!J7,'[1]PIN list'!$B:$E,2))) -> 501 D_GND | K7: =IF(COUNTA([1]表框架!K7)=0,"",_xlfn.TEXTJOIN(CHAR(10),FALSE,[1]表框架!K7,VLOOKUP([1]表框架!K7,'[1]PIN list'!$B:$E,2))) -> 490 D_GND | ... AD7: =IF(COUNTA([1]表框架!AD7)=0,"",_xlfn.TEXTJOIN(CHAR(10),FALSE,[1]表框架!AD7,VLOOKUP([1]表框架!AD7,'[1]PIN list'!$B:$E,2))) -> 386 NC | AG7: VBAT
A8: 7 | B8: =IF(COUNTA([1]表框架!B8)=0,"",_xlfn.TEXTJOIN(CHAR(10),FALSE,[1]表框架!B8,VLOOKUP([1]表框架!B8,'[1]PIN list'!$B:$E,2))) -> 16 CSI2B_RDN3 | C8: =IF(COUNTA([1]表框架!C8)=0,"",_xlfn.TEXTJOIN(CHAR(10),FALSE,[1]表框架!C8,VLOOKUP([1]表框架!C8,'[1]PIN list'!$B:$E,2))) -> 17 CSI2B_RDP3 | D8: =IF(COUNTA([1]表框架!D8)=0,"",_xlfn.TEXTJOIN(CHAR(10),FALSE,[1]表框架!D8,VLOOKUP([1]表框架!D8,'[1]PIN list'!$B:$E,2))) -> 18 GPIO117_URXD2 | E8: =IF(COUNTA([1]表框架!E8)=0,"",_xlfn.TEXTJOIN(CHAR(10),FALSE,[1]表框架!E8,VLOOKUP([1]表框架!E8,'[1]PIN list'!$B:$E,2))) -> 19 GPIO121_UTXD2 | F8: =IF(COUNTA([1]表框架!F8)=0,"",_xlfn.TEXTJOIN(CHAR(10),FALSE,[1]表框架!F8,VLOOKUP([1]表框架!F8,'[1]PIN list'!$B:$E,2))) -> 20 SCL9 | G8: =IF(COUNTA([1]表框架!G8)=0,"",_xlfn.TEXTJOIN(CHAR(10),FALSE,[1]表框架!G8,VLOOKUP([1]表框架!G8,'[1]PIN list'!$B:$E,2))) -> 21 D_GND | H8: =IF(COUNTA([1]表框架!H8)=0,"",_xlfn.TEXTJOIN(CHAR(10),FALSE,[1]表框架!H8,VLOOKUP([1]表框架!H8,'[1]PIN list'!$B:$E,2))) | I8: =IF(COUNTA([1]表框架!I8)=0,"",_xlfn.TEXTJOIN(CHAR(10),FALSE,[1]表框架!I8,VLOOKUP([1]表框架!I8,'[1]PIN list'!$B:$E,2))) | ... AD8: =IF(COUNTA([1]表框架!AD8)=0,"",_xlfn.TEXTJOIN(CHAR(10),FALSE,[1]表框架!AD8,VLOOKUP([1]表框架!AD8,'[1]PIN list'!$B:$E,2))) -> 376 D_GND | AG8: DP
A9: 8 | B9: =IF(COUNTA([1]表框架!B9)=0,"",_xlfn.TEXTJOIN(CHAR(10),FALSE,[1]表框架!B9,VLOOKUP([1]表框架!B9,'[1]PIN list'!$B:$E,2))) -> 27 D_GND | C9: =IF(COUNTA([1]表框架!C9)=0,"",_xlfn.TEXTJOIN(CHAR(10),FALSE,[1]表框架!C9,VLOOKUP([1]表框架!C9,'[1]PIN list'!$B:$E,2))) -> 26 D_GND | D9: =IF(COUNTA([1]表框架!D9)=0,"",_xlfn.TEXTJOIN(CHAR(10),FALSE,[1]表框架!D9,VLOOKUP([1]表框架!D9,'[1]PIN list'!$B:$E,2))) -> 25 GPIO125_CAM_CLK2 | E9: =IF(COUNTA([1]表框架!E9)=0,"",_xlfn.TEXTJOIN(CHAR(10),FALSE,[1]表框架!E9,VLOOKUP([1]表框架!E9,'[1]PIN list'!$B:$E,2))) -> 24 GPIO129 | F9: =IF(COUNTA([1]表框架!F9)=0,"",_xlfn.TEXTJOIN(CHAR(10),FALSE,[1]表框架!F9,VLOOKUP([1]表框架!F9,'[1]PIN list'!$B:$E,2))) -> 23 SDA9 | G9: =IF(COUNTA([1]表框架!G9)=0,"",_xlfn.TEXTJOIN(CHAR(10),FALSE,[1]表框架!G9,VLOOKUP([1]表框架!G9,'[1]PIN list'!$B:$E,2))) -> 22 D_GND | H9: =IF(COUNTA([1]表框架!H9)=0,"",_xlfn.TEXTJOIN(CHAR(10),FALSE,[1]表框架!H9,VLOOKUP([1]表框架!H9,'[1]PIN list'!$B:$E,2))) | I9: =IF(COUNTA([1]表框架!I9)=0,"",_xlfn.TEXTJOIN(CHAR(10),FALSE,[1]表框架!I9,VLOOKUP([1]表框架!I9,'[1]PIN list'!$B:$E,2))) | ... AD9: =IF(COUNTA([1]表框架!AD9)=0,"",_xlfn.TEXTJOIN(CHAR(10),FALSE,[1]表框架!AD9,VLOOKUP([1]表框架!AD9,'[1]PIN list'!$B:$E,2))) -> 375 GPIO59_INT_SIM2 | AG9: SIM
A10: 9 | B10: =IF(COUNTA([1]表框架!B10)=0,"",_xlfn.TEXTJOIN(CHAR(10),FALSE,[1]表框架!B10,VLOOKUP([1]表框架!B10,'[1]PIN list'!$B:$E,2))) -> 28 CSI1A_RDP2 | C10: =IF(COUNTA([1]表框架!C10)=0,"",_xlfn.TEXTJOIN(CHAR(10),FALSE,[1]表框架!C10,VLOOKUP([1]表框架!C10,'[1]PIN list'!$B:$E,2))) -> 29 CSI1A_RDN2 | D10: =IF(COUNTA([1]表框架!D10)=0,"",_xlfn.TEXTJOIN(CHAR(10),FALSE,[1]表框架!D10,VLOOKUP([1]表框架!D10,'[1]PIN list'!$B:$E,2))) -> 30 SCL12 | E10: =IF(COUNTA([1]表框架!E10)=0,"",_xlfn.TEXTJOIN(CHAR(10),FALSE,[1]表框架!E10,VLOOKUP([1]表框架!E10,'[1]PIN list'!$B:$E,2))) -> 31 SCL8 | F10: =IF(COUNTA([1]表框架!F10)=0,"",_xlfn.TEXTJOIN(CHAR(10),FALSE,[1]表框架!F10,VLOOKUP([1]表框架!F10,'[1]PIN list'!$B:$E,2))) -> 32 GPIO126_CAM_CLK3 | G10: =IF(COUNTA([1]表框架!G10)=0,"",_xlfn.TEXTJOIN(CHAR(10),FALSE,[1]表框架!G10,VLOOKUP([1]表框架!G10,'[1]PIN list'!$B:$E,2))) -> 33 GPIO130 | H10: =IF(COUNTA([1]表框架!H10)=0,"",_xlfn.TEXTJOIN(CHAR(10),FALSE,[1]表框架!H10,VLOOKUP([1]表框架!H10,'[1]PIN list'!$B:$E,2))) | I10: =IF(COUNTA([1]表框架!I10)=0,"",_xlfn.TEXTJOIN(CHAR(10),FALSE,[1]表框架!I10,VLOOKUP([1]表框架!I10,'[1]PIN list'!$B:$E,2))) -> G52 D_GND | ... AD10: =IF(COUNTA([1]表框架!AD10)=0,"",_xlfn.TEXTJOIN(CHAR(10),FALSE,[1]表框架!AD10,VLOOKUP([1]表框架!AD10,'[1]PIN list'!$B:$E,2))) -> 364 SPI7_MO | AG10: SD
A11: 10 | B11: =IF(COUNTA([1]表框架!B11)=0,"",_xlfn.TEXTJOIN(CHAR(10),FALSE,[1]表框架!B11,VLOOKUP([1]表框架!B11,'[1]PIN list'!$B:$E,2))) -> 39 CSI1A_RDP0 | C11: =IF(COUNTA([1]表框架!C11)=0,"",_xlfn.TEXTJOIN(CHAR(10),FALSE,[1]表框架!C11,VLOOKUP([1]表框架!C11,'[1]PIN list'!$B:$E,2))) -> 38 CSI1A_RDN0 | D11: =IF(COUNTA([1]表框架!D11)=0,"",_xlfn.TEXTJOIN(CHAR(10),FALSE,[1]表框架!D11,VLOOKUP([1]表框架!D11,'[1]PIN list'!$B:$E,2))) -> 37 SDA12 | E11: =IF(COUNTA([1]表框架!E11)=0,"",_xlfn.TEXTJOIN(CHAR(10),FALSE,[1]表框架!E11,VLOOKUP([1]表框架!E11,'[1]PIN list'!$B:$E,2))) -> 36 SDA8 | F11: =IF(COUNTA([1]表框架!F11)=0,"",_xlfn.TEXTJOIN(CHAR(10),FALSE,[1]表框架!F11,VLOOKUP([1]表框架!F11,'[1]PIN list'!$B:$E,2))) -> 35 GPIO35_AP_GOOD | G11: =IF(COUNTA([1]表框架!G11)=0,"",_xlfn.TEXTJOIN(CHAR(10),FALSE,[1]表框架!G11,VLOOKUP([1]表框架!G11,'[1]PIN list'!$B:$E,2))) -> 34 GPIO118_CAM_RST3 | H11: =IF(COUNTA([1]表框架!H11)=0,"",_xlfn.TEXTJOIN(CHAR(10),FALSE,[1]表框架!H11,VLOOKUP([1]表框架!H11,'[1]PIN list'!$B:$E,2))) | I11: =IF(COUNTA([1]表框架!I11)=0,"",_xlfn.TEXTJOIN(CHAR(10),FALSE,[1]表框架!I11,VLOOKUP([1]表框架!I11,'[1]PIN list'!$B:$E,2))) -> G51 D_GND | ... AD11: =IF(COUNTA([1]表框架!AD11)=0,"",_xlfn.TEXTJOIN(CHAR(10),FALSE,[1]表框架!AD11,VLOOKUP([1]表框架!AD11,'[1]PIN list'!$B:$E,2))) -> 363 SCP_SCL3 | AG11: PCIE
A12: 11 | B12: =IF(COUNTA([1]表框架!B12)=0,"",_xlfn.TEXTJOIN(CHAR(10),FALSE,[1]表框架!B12,VLOOKUP([1]表框架!B12,'[1]PIN list'!$B:$E,2))) -> 40 CSI1A_RCP | C12: =IF(COUNTA([1]表框架!C12)=0,"",_xlfn.TEXTJOIN(CHAR(10),FALSE,[1]表框架!C12,VLOOKUP([1]表框架!C12,'[1]PIN list'!$B:$E,2))) -> 41 CSI1A_RCN | D12: =IF(COUNTA([1]表框架!D12)=0,"",_xlfn.TEXTJOIN(CHAR(10),FALSE,[1]表框架!D12,VLOOKUP([1]表框架!D12,'[1]PIN list'!$B:$E,2))) -> 42 SCL13 | E12: =IF(COUNTA([1]表框架!E12)=0,"",_xlfn.TEXTJOIN(CHAR(10),FALSE,[1]表框架!E12,VLOOKUP([1]表框架!E12,'[1]PIN list'!$B:$E,2))) -> 43 SDA13 | F12: =IF(COUNTA([1]表框架!F12)=0,"",_xlfn.TEXTJOIN(CHAR(10),FALSE,[1]表框架!F12,VLOOKUP([1]表框架!F12,'[1]PIN list'!$B:$E,2))) -> 44 SDA1 | G12: =IF(COUNTA([1]表框架!G12)=0,"",_xlfn.TEXTJOIN(CHAR(10),FALSE,[1]表框架!G12,VLOOKUP([1]表框架!G12,'[1]PIN list'!$B:$E,2))) -> 45 GPIO122 | H12: =IF(COUNTA([1]表框架!H12)=0,"",_xlfn.TEXTJOIN(CHAR(10),FALSE,[1]表框架!H12,VLOOKUP([1]表框架!H12,'[1]PIN list'!$B:$E,2))) | I12: =IF(COUNTA([1]表框架!I12)=0,"",_xlfn.TEXTJOIN(CHAR(10),FALSE,[1]表框架!I12,VLOOKUP([1]表框架!I12,'[1]PIN list'!$B:$E,2))) -> G50 D_GND | ... AD12: =IF(COUNTA([1]表框架!AD12)=0,"",_xlfn.TEXTJOIN(CHAR(10),FALSE,[1]表框架!AD12,VLOOKUP([1]表框架!AD12,'[1]PIN list'!$B:$E,2))) -> 352 GPIO40_LCM1_RST
A13: 12 | B13: =IF(COUNTA([1]表框架!B13)=0,"",_xlfn.TEXTJOIN(CHAR(10),FALSE,[1]表框架!B13,VLOOKUP([1]表框架!B13,'[1]PIN list'!$B:$E,2))) -> 51 CSI1B_RDP1 | C13: =IF(COUNTA([1]表框架!C13)=0,"",_xlfn.TEXTJOIN(CHAR(10),FALSE,[1]表框架!C13,VLOOKUP([1]表框架!C13,'[1]PIN list'!$B:$E,2))) -> 50 CSI1B_RDN1 | D13: =IF(COUNTA([1]表框架!D13)=0,"",_xlfn.TEXTJOIN(CHAR(10),FALSE,[1]表框架!D13,VLOOKUP([1]表框架!D13,'[1]PIN list'!$B:$E,2))) -> 49 GPIO104_TDM_LRCK | E13: =IF(COUNTA([1]表框架!E13)=0,"",_xlfn.TEXTJOIN(CHAR(10),FALSE,[1]表框架!E13,VLOOKUP([1]表框架!E13,'[1]PIN list'!$B:$E,2))) -> 48 D_GND | F13: =IF(COUNTA([1]表框架!F13)=0,"",_xlfn.TEXTJOIN(CHAR(10),FALSE,[1]表框架!F13,VLOOKUP([1]表框架!F13,'[1]PIN list'!$B:$E,2))) -> 47 SCL1 | G13: =IF(COUNTA([1]表框架!G13)=0,"",_xlfn.TEXTJOIN(CHAR(10),FALSE,[1]表框架!G13,VLOOKUP([1]表框架!G13,'[1]PIN list'!$B:$E,2))) -> 46 D_GND | H13: =IF(COUNTA([1]表框架!H13)=0,"",_xlfn.TEXTJOIN(CHAR(10),FALSE,[1]表框架!H13,VLOOKUP([1]表框架!H13,'[1]PIN list'!$B:$E,2))) | I13: =IF(COUNTA([1]表框架!I13)=0,"",_xlfn.TEXTJOIN(CHAR(10),FALSE,[1]表框架!I13,VLOOKUP([1]表框架!I13,'[1]PIN list'!$B:$E,2))) -> G49 D_GND | ... AD13: =IF(COUNTA([1]表框架!AD13)=0,"",_xlfn.TEXTJOIN(CHAR(10),FALSE,[1]表框架!AD13,VLOOKUP([1]表框架!AD13,'[1]PIN list'!$B:$E,2))) -> 351 EINT9_CTP0
A14: 13 | B14: =IF(COUNTA([1]表框架!B14)=0,"",_xlfn.TEXTJOIN(CHAR(10),FALSE,[1]表框架!B14,VLOOKUP([1]表框架!B14,'[1]PIN list'!$B:$E,2))) -> 52 CSI1B_RDP3 | C14: =IF(COUNTA([1]表框架!C14)=0,"",_xlfn.TEXTJOIN(CHAR(10),FALSE,[1]表框架!C14,VLOOKUP([1]表框架!C14,'[1]PIN list'!$B:$E,2))) -> 53 CSI1B_RDN3 | D14: =IF(COUNTA([1]表框架!D14)=0,"",_xlfn.TEXTJOIN(CHAR(10),FALSE,[1]表框架!D14,VLOOKUP([1]表框架!D14,'[1]PIN list'!$B:$E,2))) -> 54 GPIO100_TDMIN_DATA0 | E14: =IF(COUNTA([1]表框架!E14)=0,"",_xlfn.TEXTJOIN(CHAR(10),FALSE,[1]表框架!E14,VLOOKUP([1]表框架!E14,'[1]PIN list'!$B:$E,2))) -> 55 GPIO95_TDMOUT_DATA0 | F14: =IF(COUNTA([1]表框架!F14)=0,"",_xlfn.TEXTJOIN(CHAR(10),FALSE,[1]表框架!F14,VLOOKUP([1]表框架!F14,'[1]PIN list'!$B:$E,2))) -> 56 GPIO34_KPROW1 | G14: =IF(COUNTA([1]表框架!G14)=0,"",_xlfn.TEXTJOIN(CHAR(10),FALSE,[1]表框架!G14,VLOOKUP([1]表框架!G14,'[1]PIN list'!$B:$E,2))) -> 57 GPIO31_KPCOL1 | H14: =IF(COUNTA([1]表框架!H14)=0,"",_xlfn.TEXTJOIN(CHAR(10),FALSE,[1]表框架!H14,VLOOKUP([1]表框架!H14,'[1]PIN list'!$B:$E,2))) | I14: =IF(COUNTA([1]表框架!I14)=0,"",_xlfn.TEXTJOIN(CHAR(10),FALSE,[1]表框架!I14,VLOOKUP([1]表框架!I14,'[1]PIN list'!$B:$E,2))) -> G48 D_GND | ... AD14: =IF(COUNTA([1]表框架!AD14)=0,"",_xlfn.TEXTJOIN(CHAR(10),FALSE,[1]表框架!AD14,VLOOKUP([1]表框架!AD14,'[1]PIN list'!$B:$E,2))) -> 340 D_GND
A15: 14 | B15: =IF(COUNTA([1]表框架!B15)=0,"",_xlfn.TEXTJOIN(CHAR(10),FALSE,[1]表框架!B15,VLOOKUP([1]表框架!B15,'[1]PIN list'!$B:$E,2))) -> 63 D_GND | C15: =IF(COUNTA([1]表框架!C15)=0,"",_xlfn.TEXTJOIN(CHAR(10),FALSE,[1]表框架!C15,VLOOKUP([1]表框架!C15,'[1]PIN list'!$B:$E,2))) -> 62 D_GND | D15: =IF(COUNTA([1]表框架!D15)=0,"",_xlfn.TEXTJOIN(CHAR(10),FALSE,[1]表框架!D15,VLOOKUP([1]表框架!D15,'[1]PIN list'!$B:$E,2))) -> 61 GPIO99_TDM_BCK | E15: =IF(COUNTA([1]表框架!E15)=0,"",_xlfn.TEXTJOIN(CHAR(10),FALSE,[1]表框架!E15,VLOOKUP([1]表框架!E15,'[1]PIN list'!$B:$E,2))) -> 60 D_GND | F15: =IF(COUNTA([1]表框架!F15)=0,"",_xlfn.TEXTJOIN(CHAR(10),FALSE,[1]表框架!F15,VLOOKUP([1]表框架!F15,'[1]PIN list'!$B:$E,2))) -> 59 EINT33_SD | G15: =IF(COUNTA([1]表框架!G15)=0,"",_xlfn.TEXTJOIN(CHAR(10),FALSE,[1]表框架!G15,VLOOKUP([1]表框架!G15,'[1]PIN list'!$B:$E,2))) -> 58 GPIO32_KPCOL0 | H15: =IF(COUNTA([1]表框架!H15)=0,"",_xlfn.TEXTJOIN(CHAR(10),FALSE,[1]表框架!H15,VLOOKUP([1]表框架!H15,'[1]PIN list'!$B:$E,2))) | I15: =IF(COUNTA([1]表框架!I15)=0,"",_xlfn.TEXTJOIN(CHAR(10),FALSE,[1]表框架!I15,VLOOKUP([1]表框架!I15,'[1]PIN list'!$B:$E,2))) -> G47 D_GND | ... AD15: =IF(COUNTA([1]表框架!AD15)=0,"",_xlfn.TEXTJOIN(CHAR(10),FALSE,[1]表框架!AD15,VLOOKUP([1]表框架!AD15,'[1]PIN list'!$B:$E,2))) -> 339 D_GND
A16: 15 | B16: =IF(COUNTA([1]表框架!B16)=0,"",_xlfn.TEXTJOIN(CHAR(10),FALSE,[1]表框架!B16,VLOOKUP([1]表框架!B16,'[1]PIN list'!$B:$E,2))) -> 64 CSI0A_RCP | C16: =IF(COUNTA([1]表框架!C16)=0,"",_xlfn.TEXTJOIN(CHAR(10),FALSE,[1]表框架!C16,VLOOKUP([1]表框架!C16,'[1]PIN list'!$B:$E,2))) -> 65 CSI0A_RCN | D16: =IF(COUNTA([1]表框架!D16)=0,"",_xlfn.TEXTJOIN(CHAR(10),FALSE,[1]表框架!D16,VLOOKUP([1]表框架!D16,'[1]PIN list'!$B:$E,2))) -> 66 BPI_D_BUS4 | E16: =IF(COUNTA([1]表框架!E16)=0,"",_xlfn.TEXTJOIN(CHAR(10),FALSE,[1]表框架!E16,VLOOKUP([1]表框架!E16,'[1]PIN list'!$B:$E,2))) -> 67 GPIO97 | F16: =IF(COUNTA([1]表框架!F16)=0,"",_xlfn.TEXTJOIN(CHAR(10),FALSE,[1]表框架!F16,VLOOKUP([1]表框架!F16,'[1]PIN list'!$B:$E,2))) -> 68 GPIO103_LGA-DAT3 | G16: =IF(COUNTA([1]表框架!G16)=0,"",_xlfn.TEXTJOIN(CHAR(10),FALSE,[1]表框架!G16,VLOOKUP([1]表框架!G16,'[1]PIN list'!$B:$E,2))) -> 69 GPIO102 | H16: =IF(COUNTA([1]表框架!H16)=0,"",_xlfn.TEXTJOIN(CHAR(10),FALSE,[1]表框架!H16,VLOOKUP([1]表框架!H16,'[1]PIN list'!$B:$E,2))) | I16: =IF(COUNTA([1]表框架!I16)=0,"",_xlfn.TEXTJOIN(CHAR(10),FALSE,[1]表框架!I16,VLOOKUP([1]表框架!I16,'[1]PIN list'!$B:$E,2))) -> G46 D_GND | ... AD16: =IF(COUNTA([1]表框架!AD16)=0,"",_xlfn.TEXTJOIN(CHAR(10),FALSE,[1]表框架!AD16,VLOOKUP([1]表框架!AD16,'[1]PIN list'!$B:$E,2))) -> 328 AUD_DAT_MOSI1
A17: 16 | B17: =IF(COUNTA([1]表框架!B17)=0,"",_xlfn.TEXTJOIN(CHAR(10),FALSE,[1]表框架!B17,VLOOKUP([1]表框架!B17,'[1]PIN list'!$B:$E,2))) -> 75 CSI0A_RDP0 | C17: =IF(COUNTA([1]表框架!C17)=0,"",_xlfn.TEXTJOIN(CHAR(10),FALSE,[1]表框架!C17,VLOOKUP([1]表框架!C17,'[1]PIN list'!$B:$E,2))) -> 74 CSI0A_RDN0 | D17: =IF(COUNTA([1]表框架!D17)=0,"",_xlfn.TEXTJOIN(CHAR(10),FALSE,[1]表框架!D17,VLOOKUP([1]表框架!D17,'[1]PIN list'!$B:$E,2))) -> 73 GPIO98 | E17: =IF(COUNTA([1]表框架!E17)=0,"",_xlfn.TEXTJOIN(CHAR(10),FALSE,[1]表框架!E17,VLOOKUP([1]表框架!E17,'[1]PIN list'!$B:$E,2))) -> 72 BPI_D_BUS2 | F17: =IF(COUNTA([1]表框架!F17)=0,"",_xlfn.TEXTJOIN(CHAR(10),FALSE,[1]表框架!F17,VLOOKUP([1]表框架!F17,'[1]PIN list'!$B:$E,2))) -> 71 GPIO101 | G17: =IF(COUNTA([1]表框架!G17)=0,"",_xlfn.TEXTJOIN(CHAR(10),FALSE,[1]表框架!G17,VLOOKUP([1]表框架!G17,'[1]PIN list'!$B:$E,2))) -> 70 GPIO93_PWM_2 | H17: =IF(COUNTA([1]表框架!H17)=0,"",_xlfn.TEXTJOIN(CHAR(10),FALSE,[1]表框架!H17,VLOOKUP([1]表框架!H17,'[1]PIN list'!$B:$E,2))) | I17: =IF(COUNTA([1]表框架!I17)=0,"",_xlfn.TEXTJOIN(CHAR(10),FALSE,[1]表框架!I17,VLOOKUP([1]表框架!I17,'[1]PIN list'!$B:$E,2))) -> G45 D_GND | ... AD17: =IF(COUNTA([1]表框架!AD17)=0,"",_xlfn.TEXTJOIN(CHAR(10),FALSE,[1]表框架!AD17,VLOOKUP([1]表框架!AD17,'[1]PIN list'!$B:$E,2))) -> 327 AUD_DAT_MISO0
A18: 17 | B18: =IF(COUNTA([1]表框架!B18)=0,"",_xlfn.TEXTJOIN(CHAR(10),FALSE,[1]表框架!B18,VLOOKUP([1]表框架!B18,'[1]PIN list'!$B:$E,2))) -> 76 CSI0A_RDP2 | C18: =IF(COUNTA([1]表框架!C18)=0,"",_xlfn.TEXTJOIN(CHAR(10),FALSE,[1]表框架!C18,VLOOKUP([1]表框架!C18,'[1]PIN list'!$B:$E,2))) -> 77 CSI0A_RDN2 | D18: =IF(COUNTA([1]表框架!D18)=0,"",_xlfn.TEXTJOIN(CHAR(10),FALSE,[1]表框架!D18,VLOOKUP([1]表框架!D18,'[1]PIN list'!$B:$E,2))) -> 78 URXD0 | E18: =IF(COUNTA([1]表框架!E18)=0,"",_xlfn.TEXTJOIN(CHAR(10),FALSE,[1]表框架!E18,VLOOKUP([1]表框架!E18,'[1]PIN list'!$B:$E,2))) -> 79 UTXD0 | F18: =IF(COUNTA([1]表框架!F18)=0,"",_xlfn.TEXTJOIN(CHAR(10),FALSE,[1]表框架!F18,VLOOKUP([1]表框架!F18,'[1]PIN list'!$B:$E,2))) -> 80 GPIO96 | G18: =IF(COUNTA([1]表框架!G18)=0,"",_xlfn.TEXTJOIN(CHAR(10),FALSE,[1]表框架!G18,VLOOKUP([1]表框架!G18,'[1]PIN list'!$B:$E,2))) -> 81 BPI_D_BUS5 | H18: =IF(COUNTA([1]表框架!H18)=0,"",_xlfn.TEXTJOIN(CHAR(10),FALSE,[1]表框架!H18,VLOOKUP([1]表框架!H18,'[1]PIN list'!$B:$E,2))) | I18: =IF(COUNTA([1]表框架!I18)=0,"",_xlfn.TEXTJOIN(CHAR(10),FALSE,[1]表框架!I18,VLOOKUP([1]表框架!I18,'[1]PIN list'!$B:$E,2))) -> G44 D_GND | ... AD18: =IF(COUNTA([1]表框架!AD18)=0,"",_xlfn.TEXTJOIN(CHAR(10),FALSE,[1]表框架!AD18,VLOOKUP([1]表框架!AD18,'[1]PIN list'!$B:$E,2))) -> 316 NC
A19: 18 | B19: =IF(COUNTA([1]表框架!B19)=0,"",_xlfn.TEXTJOIN(CHAR(10),FALSE,[1]表框架!B19,VLOOKUP([1]表框架!B19,'[1]PIN list'!$B:$E,2))) -> 87 CSI0B_RDP1 | C19: =IF(COUNTA([1]表框架!C19)=0,"",_xlfn.TEXTJOIN(CHAR(10),FALSE,[1]表框架!C19,VLOOKUP([1]表框架!C19,'[1]PIN list'!$B:$E,2))) -> 86 CSI0B_RDN1 | D19: =IF(COUNTA([1]表框架!D19)=0,"",_xlfn.TEXTJOIN(CHAR(10),FALSE,[1]表框架!D19,VLOOKUP([1]表框架!D19,'[1]PIN list'!$B:$E,2))) -> 85 GPIO212_JTDI | E19: =IF(COUNTA([1]表框架!E19)=0,"",_xlfn.TEXTJOIN(CHAR(10),FALSE,[1]表框架!E19,VLOOKUP([1]表框架!E19,'[1]PIN list'!$B:$E,2))) -> 84 GPIO209_JTRST | F19: =IF(COUNTA([1]表框架!F19)=0,"",_xlfn.TEXTJOIN(CHAR(10),FALSE,[1]表框架!F19,VLOOKUP([1]表框架!F19,'[1]PIN list'!$B:$E,2))) -> 83 GPIO94_PWM_3 | G19: =IF(COUNTA([1]表框架!G19)=0,"",_xlfn.TEXTJOIN(CHAR(10),FALSE,[1]表框架!G19,VLOOKUP([1]表框架!G19,'[1]PIN list'!$B:$E,2))) -> 82 GPIO111 | H19: =IF(COUNTA([1]表框架!H19)=0,"",_xlfn.TEXTJOIN(CHAR(10),FALSE,[1]表框架!H19,VLOOKUP([1]表框架!H19,'[1]PIN list'!$B:$E,2))) | I19: =IF(COUNTA([1]表框架!I19)=0,"",_xlfn.TEXTJOIN(CHAR(10),FALSE,[1]表框架!I19,VLOOKUP([1]表框架!I19,'[1]PIN list'!$B:$E,2))) -> G43 D_GND | ... AD19: =IF(COUNTA([1]表框架!AD19)=0,"",_xlfn.TEXTJOIN(CHAR(10),FALSE,[1]表框架!AD19,VLOOKUP([1]表框架!AD19,'[1]PIN list'!$B:$E,2))) -> 315 D_GND
A20: 19 | B20: =IF(COUNTA([1]表框架!B20)=0,"",_xlfn.TEXTJOIN(CHAR(10),FALSE,[1]表框架!B20,VLOOKUP([1]表框架!B20,'[1]PIN list'!$B:$E,2))) -> 88 CSI0B_RDP3 | C20: =IF(COUNTA([1]表框架!C20)=0,"",_xlfn.TEXTJOIN(CHAR(10),FALSE,[1]表框架!C20,VLOOKUP([1]表框架!C20,'[1]PIN list'!$B:$E,2))) -> 89 CSI0B_RDN3 | D20: =IF(COUNTA([1]表框架!D20)=0,"",_xlfn.TEXTJOIN(CHAR(10),FALSE,[1]表框架!D20,VLOOKUP([1]表框架!D20,'[1]PIN list'!$B:$E,2))) -> 90 GPIO211_JTMS | E20: =IF(COUNTA([1]表框架!E20)=0,"",_xlfn.TEXTJOIN(CHAR(10),FALSE,[1]表框架!E20,VLOOKUP([1]表框架!E20,'[1]PIN list'!$B:$E,2))) -> 91 GPIO210_JTCK | F20: =IF(COUNTA([1]表框架!F20)=0,"",_xlfn.TEXTJOIN(CHAR(10),FALSE,[1]表框架!F20,VLOOKUP([1]表框架!F20,'[1]PIN list'!$B:$E,2))) -> 92 D_GND | G20: =IF(COUNTA([1]表框架!G20)=0,"",_xlfn.TEXTJOIN(CHAR(10),FALSE,[1]表框架!G20,VLOOKUP([1]表框架!G20,'[1]PIN list'!$B:$E,2))) -> 93 GPIO112 | H20: =IF(COUNTA([1]表框架!H20)=0,"",_xlfn.TEXTJOIN(CHAR(10),FALSE,[1]表框架!H20,VLOOKUP([1]表框架!H20,'[1]PIN list'!$B:$E,2))) | I20: =IF(COUNTA([1]表框架!I20)=0,"",_xlfn.TEXTJOIN(CHAR(10),FALSE,[1]表框架!I20,VLOOKUP([1]表框架!I20,'[1]PIN list'!$B:$E,2))) -> G42 D_GND | ... AD20: =IF(COUNTA([1]表框架!AD20)=0,"",_xlfn.TEXTJOIN(CHAR(10),FALSE,[1]表框架!AD20,VLOOKUP([1]表框架!AD20,'[1]PIN list'!$B:$E,2))) -> 304 NC
A21: 20 | B21: =IF(COUNTA([1]表框架!B21)=0,"",_xlfn.TEXTJOIN(CHAR(10),FALSE,[1]表框架!B21,VLOOKUP([1]表框架!B21,'[1]PIN list'!$B:$E,2))) -> 99 D_GND | C21: =IF(COUNTA([1]表框架!C21)=0,"",_xlfn.TEXTJOIN(CHAR(10),FALSE,[1]表框架!C21,VLOOKUP([1]表框架!C21,'[1]PIN list'!$B:$E,2))) -> 98 D_GND | D21: =IF(COUNTA([1]表框架!D21)=0,"",_xlfn.TEXTJOIN(CHAR(10),FALSE,[1]表框架!D21,VLOOKUP([1]表框架!D21,'[1]PIN list'!$B:$E,2))) -> 97 GPIO213_JTDO | E21: =IF(COUNTA([1]表框架!E21)=0,"",_xlfn.TEXTJOIN(CHAR(10),FALSE,[1]表框架!E21,VLOOKUP([1]表框架!E21,'[1]PIN list'!$B:$E,2))) -> 96 EINT6_ACC | F21: =IF(COUNTA([1]表框架!F21)=0,"",_xlfn.TEXTJOIN(CHAR(10),FALSE,[1]表框架!F21,VLOOKUP([1]表框架!F21,'[1]PIN list'!$B:$E,2))) -> 95 GPIO107 | G21: =IF(COUNTA([1]表框架!G21)=0,"",_xlfn.TEXTJOIN(CHAR(10),FALSE,[1]表框架!G21,VLOOKUP([1]表框架!G21,'[1]PIN list'!$B:$E,2))) -> 94 GPIO113 | H21: =IF(COUNTA([1]表框架!H21)=0,"",_xlfn.TEXTJOIN(CHAR(10),FALSE,[1]表框架!H21,VLOOKUP([1]表框架!H21,'[1]PIN list'!$B:$E,2))) | I21: =IF(COUNTA([1]表框架!I21)=0,"",_xlfn.TEXTJOIN(CHAR(10),FALSE,[1]表框架!I21,VLOOKUP([1]表框架!I21,'[1]PIN list'!$B:$E,2))) -> G41 D_GND | ... AD21: =IF(COUNTA([1]表框架!AD21)=0,"",_xlfn.TEXTJOIN(CHAR(10),FALSE,[1]表框架!AD21,VLOOKUP([1]表框架!AD21,'[1]PIN list'!$B:$E,2))) -> 303 NC
A22: 21 | B22: =IF(COUNTA([1]表框架!B22)=0,"",_xlfn.TEXTJOIN(CHAR(10),FALSE,[1]表框架!B22,VLOOKUP([1]表框架!B22,'[1]PIN list'!$B:$E,2))) -> 100 GPIO65 | C22: =IF(COUNTA([1]表框架!C22)=0,"",_xlfn.TEXTJOIN(CHAR(10),FALSE,[1]表框架!C22,VLOOKUP([1]表框架!C22,'[1]PIN list'!$B:$E,2))) -> 101 GPIO131_DISP_PWM | D22: =IF(COUNTA([1]表框架!D22)=0,"",_xlfn.TEXTJOIN(CHAR(10),FALSE,[1]表框架!D22,VLOOKUP([1]表框架!D22,'[1]PIN list'!$B:$E,2))) -> 102 D_GND | E22: =IF(COUNTA([1]表框架!E22)=0,"",_xlfn.TEXTJOIN(CHAR(10),FALSE,[1]表框架!E22,VLOOKUP([1]表框架!E22,'[1]PIN list'!$B:$E,2))) -> 103 GPIO5_IDDIG | F22: =IF(COUNTA([1]表框架!F22)=0,"",_xlfn.TEXTJOIN(CHAR(10),FALSE,[1]表框架!F22,VLOOKUP([1]表框架!F22,'[1]PIN list'!$B:$E,2))) -> 104 GPIO108 | G22: =IF(COUNTA([1]表框架!G22)=0,"",_xlfn.TEXTJOIN(CHAR(10),FALSE,[1]表框架!G22,VLOOKUP([1]表框架!G22,'[1]PIN list'!$B:$E,2))) -> 105 GPIO114 | H22: =IF(COUNTA([1]表框架!H22)=0,"",_xlfn.TEXTJOIN(CHAR(10),FALSE,[1]表框架!H22,VLOOKUP([1]表框架!H22,'[1]PIN list'!$B:$E,2))) | I22: =IF(COUNTA([1]表框架!I22)=0,"",_xlfn.TEXTJOIN(CHAR(10),FALSE,[1]表框架!I22,VLOOKUP([1]表框架!I22,'[1]PIN list'!$B:$E,2))) -> G40 D_GND | ... AD22: =IF(COUNTA([1]表框架!AD22)=0,"",_xlfn.TEXTJOIN(CHAR(10),FALSE,[1]表框架!AD22,VLOOKUP([1]表框架!AD22,'[1]PIN list'!$B:$E,2))) -> 292 NC
A23: 22 | B23: =IF(COUNTA([1]表框架!B23)=0,"",_xlfn.TEXTJOIN(CHAR(10),FALSE,[1]表框架!B23,VLOOKUP([1]表框架!B23,'[1]PIN list'!$B:$E,2))) -> 111 GPIO62 | C23: =IF(COUNTA([1]表框架!C23)=0,"",_xlfn.TEXTJOIN(CHAR(10),FALSE,[1]表框架!C23,VLOOKUP([1]表框架!C23,'[1]PIN list'!$B:$E,2))) -> 110 SDA7 | D23: =IF(COUNTA([1]表框架!D23)=0,"",_xlfn.TEXTJOIN(CHAR(10),FALSE,[1]表框架!D23,VLOOKUP([1]表框架!D23,'[1]PIN list'!$B:$E,2))) -> 109 D_GND | E23: =IF(COUNTA([1]表框架!E23)=0,"",_xlfn.TEXTJOIN(CHAR(10),FALSE,[1]表框架!E23,VLOOKUP([1]表框架!E23,'[1]PIN list'!$B:$E,2))) -> 108 EINT4_BACK | F23: =IF(COUNTA([1]表框架!F23)=0,"",_xlfn.TEXTJOIN(CHAR(10),FALSE,[1]表框架!F23,VLOOKUP([1]表框架!F23,'[1]PIN list'!$B:$E,2))) -> 107 GPIO109 | G23: =IF(COUNTA([1]表框架!G23)=0,"",_xlfn.TEXTJOIN(CHAR(10),FALSE,[1]表框架!G23,VLOOKUP([1]表框架!G23,'[1]PIN list'!$B:$E,2))) -> 106 GPIO105 | H23: =IF(COUNTA([1]表框架!H23)=0,"",_xlfn.TEXTJOIN(CHAR(10),FALSE,[1]表框架!H23,VLOOKUP([1]表框架!H23,'[1]PIN list'!$B:$E,2))) | I23: =IF(COUNTA([1]表框架!I23)=0,"",_xlfn.TEXTJOIN(CHAR(10),FALSE,[1]表框架!I23,VLOOKUP([1]表框架!I23,'[1]PIN list'!$B:$E,2))) | ... AD23: =IF(COUNTA([1]表框架!AD23)=0,"",_xlfn.TEXTJOIN(CHAR(10),FALSE,[1]表框架!AD23,VLOOKUP([1]表框架!AD23,'[1]PIN list'!$B:$E,2))) -> 291 NC
... A30: 29 | B30: =IF(COUNTA([1]表框架!B30)=0,"",_xlfn.TEXTJOIN(CHAR(10),FALSE,[1]表框架!B30,VLOOKUP([1]表框架!B30,'[1]PIN list'!$B:$E,2))) | C30: =IF(COUNTA([1]表框架!C30)=0,"",_xlfn.TEXTJOIN(CHAR(10),FALSE,[1]表框架!C30,VLOOKUP([1]表框架!C30,'[1]PIN list'!$B:$E,2))) -> 133 D_GND | D30: =IF(COUNTA([1]表框架!D30)=0,"",_xlfn.TEXTJOIN(CHAR(10),FALSE,[1]表框架!D30,VLOOKUP([1]表框架!D30,'[1]PIN list'!$B:$E,2))) -> 134 ANT3 | E30: =IF(COUNTA([1]表框架!E30)=0,"",_xlfn.TEXTJOIN(CHAR(10),FALSE,[1]表框架!E30,VLOOKUP([1]表框架!E30,'[1]PIN list'!$B:$E,2))) -> 138 D_GND | F30: =IF(COUNTA([1]表框架!F30)=0,"",_xlfn.TEXTJOIN(CHAR(10),FALSE,[1]表框架!F30,VLOOKUP([1]表框架!F30,'[1]PIN list'!$B:$E,2))) -> 139 ANT1 | G30: =IF(COUNTA([1]表框架!G30)=0,"",_xlfn.TEXTJOIN(CHAR(10),FALSE,[1]表框架!G30,VLOOKUP([1]表框架!G30,'[1]PIN list'!$B:$E,2))) -> 147 D_GND | H30: =IF(COUNTA([1]表框架!H30)=0,"",_xlfn.TEXTJOIN(CHAR(10),FALSE,[1]表框架!H30,VLOOKUP([1]表框架!H30,'[1]PIN list'!$B:$E,2))) -> 148 ECALL_BACKUP_ANT5 | I30: =IF(COUNTA([1]表框架!I30)=0,"",_xlfn.TEXTJOIN(CHAR(10),FALSE,[1]表框架!I30,VLOOKUP([1]表框架!I30,'[1]PIN list'!$B:$E,2))) -> 159 D_GND | ... AD30: =IF(COUNTA([1]表框架!AD30)=0,"",_xlfn.TEXTJOIN(CHAR(10),FALSE,[1]表框架!AD30,VLOOKUP([1]表框架!AD30,'[1]PIN list'!$B:$E,2)))
B31: 1 | C31: 2 | D31: 3 | E31: 4 | F31: 5 | G31: 6 | H31: 7 | I31: 8 | J31: 9 | K31: 10 | L31: 11 | M31: 12 | N31: 13 | O31: 14 | P31: 15 | Q31: 16 | R31: 17 | S31: 18 | T31: 19 | U31: 20 | V31: 21 | W31: 22 | X31: 23 | Y31: 24 | Z31: 25 | AA31: 26 | AB31: 27 | AC31: 28 | AD31: 29

Sheet Sheet3
